{
	"info": {
		"_postman_id": "09f0ec6e-bd74-40eb-bab3-f6e610b8a1f7",
		"name": "VacQ",
		"schema": "https://schema.getpostman.com/json/collection/v2.1.0/collection.json",
		"_exporter_id": "20117609"
	},
	"item": [
		{
			"name": "Hospitals",
			"item": [
				{
					"name": "GET ALL",
					"request": {
						"method": "GET",
						"header": [],
						"url": {
							"raw": "{{URL}}/api/v1/hospitals",
							"host": [
								"{{URL}}"
							],
							"path": [
								"api",
								"v1",
								"hospitals"
							]
						},
						"description": "# Fetch Hospital Details\n\nThis endpoint is used to fetch the details of all hospitals.\n\n## Request\n\n- Method: GET\n    \n- URL: {{URL}}/api/v1/hospitals"
					},
					"response": []
				},
				{
					"name": "GET ONE",
					"request": {
						"method": "GET",
						"header": [],
						"url": {
							"raw": "{{URL}}/api/v1/hospitals/1",
							"host": [
								"{{URL}}"
							],
							"path": [
								"api",
								"v1",
								"hospitals",
								"1"
							]
						},
						"description": "# Fetch One Hospital Details\n\nThis endpoint is used to fetch the details of one hospital by using ID.\n\n## Request\n\n- Method: GET\n    \n- URL: {{URL}}/api/v1/hospitals/:id"
					},
					"response": []
				},
				{
					"name": "POST",
					"request": {
						"method": "POST",
						"header": [],
						"url": {
							"raw": "{{URL}}/api/v1/hospitals",
							"host": [
								"{{URL}}"
							],
							"path": [
								"api",
								"v1",
								"hospitals"
							]
						},
						"description": "# Create Hospital Details\n\nThis endpoint is used to create the details of one/more hospital(s).\n\n## Request\n\n- Method: POST\n    \n- URL: {{URL}}/api/v1/hospitals"
					},
					"response": []
				},
				{
					"name": "PUT",
					"request": {
						"method": "PUT",
						"header": [],
						"url": {
							"raw": "{{URL}}/api/v1/hospitals/1",
							"host": [
								"{{URL}}"
							],
							"path": [
								"api",
								"v1",
								"hospitals",
								"1"
							]
						},
						"description": "# Update Hospital Details\n\nThis endpoint is used to update the details of a specific hospital.\n\n## Request\n\n- Method: PUT\n- URL: {{URL}}/api/v1/hospitals/1"
					},
					"response": []
				},
				{
					"name": "DELETE",
					"event": [
						{
							"listen": "test",
							"script": {
								"exec": [
									"var template = `\r",
									"<style type=\"text/css\">\r",
									"    .tftable {font-size:14px;color:#333333;width:100%;border-width: 1px;border-color: #87ceeb;border-collapse: collapse;}\r",
									"    .tftable th {font-size:18px;background-color:#87ceeb;border-width: 1px;padding: 8px;border-style: solid;border-color: #87ceeb;text-align:left;}\r",
									"    .tftable tr {background-color:#ffffff;}\r",
									"    .tftable td {font-size:14px;border-width: 1px;padding: 8px;border-style: solid;border-color: #87ceeb;}\r",
									"    .tftable tr:hover {background-color:#e0ffff;}\r",
									"</style>\r",
									"\r",
									"<table class=\"tftable\" border=\"1\">\r",
									"    <tr>\r",
									"        <th>Success</th>\r",
									"        <th>Message</th>\r",
									"    </tr>\r",
									"    <tr>\r",
									"        <td>{{response.success}}</td>\r",
									"        <td>{{response.msg}}</td>\r",
									"    </tr>\r",
									"</table>\r",
									"`;\r",
									"\r",
									"function constructVisualizerPayload() {\r",
									"    return {response: pm.response.json()}\r",
									"}\r",
									"\r",
									"pm.visualizer.set(template, constructVisualizerPayload());"
								],
								"type": "text/javascript"
							}
						}
					],
					"request": {
						"method": "DELETE",
						"header": [],
						"url": {
							"raw": "{{URL}}/api/v1/hospitals/1",
							"host": [
								"{{URL}}"
							],
							"path": [
								"api",
								"v1",
								"hospitals",
								"1"
							]
						},
						"description": "# Delete One Hospital Details\n\nThis endpoint is used to delete the details of one hospital by using ID.\n\n## Request\n\n- Method: DELETE\n    \n- URL: {{URL}}/api/v1/hospitals/:id"
					},
					"response": []
				}
			],
			"description": "Hospital CRUD functionality"
		}
	]
}